{
    "$schema": "http://schema.management.azure.com/schemas/2015-01-01/deploymentTemplate.json#",
    "contentVersion": "1.0.0.0",
    "parameters": {
        "factoryName": {
            "type": "string",
            "metadata": "Data Factory name",
            "defaultValue": "DataIngestionTest"
        },
        "AzureBlobStorage_connectionString": {
            "type": "secureString",
            "metadata": "Secure string for 'connectionString' of 'AzureBlobStorage'"
        },
        "AzureBlobStorageRedditAppTest_connectionString": {
            "type": "secureString",
            "metadata": "Secure string for 'connectionString' of 'AzureBlobStorageRedditAppTest'"
        },
        "AzureDataLakeStorage1_accountKey": {
            "type": "secureString",
            "metadata": "Secure string for 'accountKey' of 'AzureDataLakeStorage1'"
        },
        "AzureDataLakeStorage1_properties_typeProperties_url": {
            "type": "string",
            "defaultValue": "https://pendragonteststorage.dfs.core.windows.net/"
        },
        "AzureDataLakeStore1_properties_typeProperties_dataLakeStoreUri": {
            "type": "string",
            "defaultValue": "https://pendragontest.azuredatalakestore.net/webhdfs/v1"
        },
        "AzureDataLakeStore1_properties_typeProperties_tenant": {
            "type": "string",
            "defaultValue": "9e857255-df57-4c47-a0c0-0546460380cb"
        },
        "AzureDataLakeStore1_properties_typeProperties_subscriptionId": {
            "type": "string",
            "defaultValue": "588695d7-29a1-45a3-90a5-dc87a232ae76"
        },
        "AzureDataLakeStore1_properties_typeProperties_resourceGroupName": {
            "type": "string",
            "defaultValue": "DataFactoryTest"
        },
        "AzureKeyVaultRedditAppTest_properties_typeProperties_baseUrl": {
            "type": "string",
            "defaultValue": "https://tw-dv-001.vault.azure.net/"
        },
        "BrandwatchHttpServer_properties_typeProperties_url": {
            "type": "string",
            "defaultValue": "https://api.brandwatch.com/"
        },
        "HttpRedditServer_properties_typeProperties_url": {
            "type": "string",
            "defaultValue": "https://www.reddit.com/r/dataengineering/"
        },
        "HttpRedditServer_properties_typeProperties_userName": {
            "type": "string",
            "defaultValue": "ryan_supplyin"
        }
    },
    "variables": {
        "factoryId": "[concat('Microsoft.DataFactory/factories/', parameters('factoryName'))]"
    },
    "resources": [
        {
            "name": "[concat(parameters('factoryName'), '/Brandwatch_About')]",
            "type": "Microsoft.DataFactory/factories/pipelines",
            "apiVersion": "2018-06-01",
            "properties": {
                "activities": [
                    {
                        "name": "Brandwatch API Me GET",
                        "type": "Copy",
                        "dependsOn": [],
                        "policy": {
                            "timeout": "0.12:00:00",
                            "retry": 0,
                            "retryIntervalInSeconds": 30,
                            "secureOutput": false,
                            "secureInput": false
                        },
                        "userProperties": [],
                        "typeProperties": {
                            "source": {
                                "type": "JsonSource",
                                "storeSettings": {
                                    "type": "HttpReadSettings",
                                    "requestMethod": "GET"
                                },
                                "formatSettings": {
                                    "type": "JsonReadSettings"
                                }
                            },
                            "sink": {
                                "type": "JsonSink",
                                "storeSettings": {
                                    "type": "AzureBlobStorageWriteSettings"
                                },
                                "formatSettings": {
                                    "type": "JsonWriteSettings"
                                }
                            },
                            "enableStaging": false
                        },
                        "inputs": [
                            {
                                "referenceName": "BrandwatchMe",
                                "type": "DatasetReference",
                                "parameters": {}
                            }
                        ],
                        "outputs": [
                            {
                                "referenceName": "BrandwatchMeDataset",
                                "type": "DatasetReference",
                                "parameters": {}
                            }
                        ]
                    },
                    {
                        "name": "Brandwatch API User GET",
                        "type": "Copy",
                        "dependsOn": [],
                        "policy": {
                            "timeout": "0.12:00:00",
                            "retry": 0,
                            "retryIntervalInSeconds": 30,
                            "secureOutput": false,
                            "secureInput": false
                        },
                        "userProperties": [],
                        "typeProperties": {
                            "source": {
                                "type": "JsonSource",
                                "storeSettings": {
                                    "type": "HttpReadSettings",
                                    "requestMethod": "GET"
                                },
                                "formatSettings": {
                                    "type": "JsonReadSettings"
                                }
                            },
                            "sink": {
                                "type": "JsonSink",
                                "storeSettings": {
                                    "type": "AzureBlobStorageWriteSettings"
                                },
                                "formatSettings": {
                                    "type": "JsonWriteSettings"
                                }
                            },
                            "enableStaging": false
                        },
                        "inputs": [
                            {
                                "referenceName": "BrandwatchUser",
                                "type": "DatasetReference",
                                "parameters": {}
                            }
                        ],
                        "outputs": [
                            {
                                "referenceName": "BrandwatchUserDataset",
                                "type": "DatasetReference",
                                "parameters": {}
                            }
                        ]
                    },
                    {
                        "name": "Brandwatch API Client GET",
                        "type": "Copy",
                        "dependsOn": [],
                        "policy": {
                            "timeout": "0.12:00:00",
                            "retry": 0,
                            "retryIntervalInSeconds": 30,
                            "secureOutput": false,
                            "secureInput": false
                        },
                        "userProperties": [],
                        "typeProperties": {
                            "source": {
                                "type": "JsonSource",
                                "storeSettings": {
                                    "type": "HttpReadSettings",
                                    "requestMethod": "GET"
                                },
                                "formatSettings": {
                                    "type": "JsonReadSettings"
                                }
                            },
                            "sink": {
                                "type": "JsonSink",
                                "storeSettings": {
                                    "type": "AzureBlobStorageWriteSettings"
                                },
                                "formatSettings": {
                                    "type": "JsonWriteSettings"
                                }
                            },
                            "enableStaging": false
                        },
                        "inputs": [
                            {
                                "referenceName": "BrandwatchClient",
                                "type": "DatasetReference",
                                "parameters": {}
                            }
                        ],
                        "outputs": [
                            {
                                "referenceName": "BrandwatchClientDataset",
                                "type": "DatasetReference",
                                "parameters": {}
                            }
                        ]
                    },
                    {
                        "name": "Brandwatch Projects Summary",
                        "type": "Copy",
                        "dependsOn": [],
                        "policy": {
                            "timeout": "0.12:00:00",
                            "retry": 0,
                            "retryIntervalInSeconds": 30,
                            "secureOutput": false,
                            "secureInput": false
                        },
                        "userProperties": [],
                        "typeProperties": {
                            "source": {
                                "type": "JsonSource",
                                "storeSettings": {
                                    "type": "HttpReadSettings",
                                    "requestMethod": "GET"
                                },
                                "formatSettings": {
                                    "type": "JsonReadSettings"
                                }
                            },
                            "sink": {
                                "type": "JsonSink",
                                "storeSettings": {
                                    "type": "AzureBlobStorageWriteSettings"
                                },
                                "formatSettings": {
                                    "type": "JsonWriteSettings"
                                }
                            },
                            "enableStaging": false
                        },
                        "inputs": [
                            {
                                "referenceName": "BrandwatchProjectsSummary",
                                "type": "DatasetReference",
                                "parameters": {}
                            }
                        ],
                        "outputs": [
                            {
                                "referenceName": "BrandwatchProjectsSummaryDataset",
                                "type": "DatasetReference",
                                "parameters": {}
                            }
                        ]
                    },
                    {
                        "name": "Brandwatch Projects Summary_copy1",
                        "type": "Copy",
                        "dependsOn": [],
                        "policy": {
                            "timeout": "0.12:00:00",
                            "retry": 0,
                            "retryIntervalInSeconds": 30,
                            "secureOutput": false,
                            "secureInput": false
                        },
                        "userProperties": [],
                        "typeProperties": {
                            "source": {
                                "type": "JsonSource",
                                "storeSettings": {
                                    "type": "HttpReadSettings",
                                    "requestMethod": "GET"
                                },
                                "formatSettings": {
                                    "type": "JsonReadSettings"
                                }
                            },
                            "sink": {
                                "type": "JsonSink",
                                "storeSettings": {
                                    "type": "AzureBlobStorageWriteSettings"
                                },
                                "formatSettings": {
                                    "type": "JsonWriteSettings"
                                }
                            },
                            "enableStaging": false
                        },
                        "inputs": [
                            {
                                "referenceName": "BrandwatchProjectDetails",
                                "type": "DatasetReference",
                                "parameters": {}
                            }
                        ],
                        "outputs": [
                            {
                                "referenceName": "BrandwatchProjectDetailsDataset",
                                "type": "DatasetReference",
                                "parameters": {}
                            }
                        ]
                    }
                ],
                "policy": {
                    "elapsedTimeMetric": {},
                    "cancelAfter": {}
                },
                "annotations": []
            },
            "dependsOn": [
                "[concat(variables('factoryId'), '/datasets/BrandwatchMe')]",
                "[concat(variables('factoryId'), '/datasets/BrandwatchMeDataset')]",
                "[concat(variables('factoryId'), '/datasets/BrandwatchUser')]",
                "[concat(variables('factoryId'), '/datasets/BrandwatchUserDataset')]",
                "[concat(variables('factoryId'), '/datasets/BrandwatchClient')]",
                "[concat(variables('factoryId'), '/datasets/BrandwatchClientDataset')]",
                "[concat(variables('factoryId'), '/datasets/BrandwatchProjectsSummary')]",
                "[concat(variables('factoryId'), '/datasets/BrandwatchProjectsSummaryDataset')]",
                "[concat(variables('factoryId'), '/datasets/BrandwatchProjectDetails')]",
                "[concat(variables('factoryId'), '/datasets/BrandwatchProjectDetailsDataset')]"
            ]
        },
        {
            "name": "[concat(parameters('factoryName'), '/BrandwatchClient')]",
            "type": "Microsoft.DataFactory/factories/datasets",
            "apiVersion": "2018-06-01",
            "properties": {
                "linkedServiceName": {
                    "referenceName": "BrandwatchHttpServer",
                    "type": "LinkedServiceReference"
                },
                "folder": {
                    "name": "BrandwatchGETandDatasets"
                },
                "annotations": [],
                "type": "Json",
                "typeProperties": {
                    "location": {
                        "type": "HttpServerLocation",
                        "relativeUrl": "/client"
                    }
                },
                "schema": {}
            },
            "dependsOn": [
                "[concat(variables('factoryId'), '/linkedServices/BrandwatchHttpServer')]"
            ]
        },
        {
            "name": "[concat(parameters('factoryName'), '/BrandwatchClientDataset')]",
            "type": "Microsoft.DataFactory/factories/datasets",
            "apiVersion": "2018-06-01",
            "properties": {
                "linkedServiceName": {
                    "referenceName": "AzureBlobStorage",
                    "type": "LinkedServiceReference"
                },
                "folder": {
                    "name": "BrandwatchGETandDatasets"
                },
                "annotations": [],
                "type": "Json",
                "typeProperties": {
                    "location": {
                        "type": "AzureBlobStorageLocation",
                        "fileName": "client",
                        "folderPath": "About",
                        "container": "brandwatch"
                    }
                },
                "schema": {}
            },
            "dependsOn": [
                "[concat(variables('factoryId'), '/linkedServices/AzureBlobStorage')]"
            ]
        },
        {
            "name": "[concat(parameters('factoryName'), '/BrandwatchJSONtest')]",
            "type": "Microsoft.DataFactory/factories/datasets",
            "apiVersion": "2018-06-01",
            "properties": {
                "linkedServiceName": {
                    "referenceName": "BrandwatchHttpServer",
                    "type": "LinkedServiceReference"
                },
                "folder": {
                    "name": "BrandwatchGETandDatasets"
                },
                "annotations": [],
                "type": "Json",
                "typeProperties": {
                    "location": {
                        "type": "HttpServerLocation",
                        "relativeUrl": "/client"
                    }
                },
                "schema": {}
            },
            "dependsOn": [
                "[concat(variables('factoryId'), '/linkedServices/BrandwatchHttpServer')]"
            ]
        },
        {
            "name": "[concat(parameters('factoryName'), '/BrandwatchMe')]",
            "type": "Microsoft.DataFactory/factories/datasets",
            "apiVersion": "2018-06-01",
            "properties": {
                "linkedServiceName": {
                    "referenceName": "BrandwatchHttpServer",
                    "type": "LinkedServiceReference"
                },
                "folder": {
                    "name": "BrandwatchGETandDatasets"
                },
                "annotations": [],
                "type": "Json",
                "typeProperties": {
                    "location": {
                        "type": "HttpServerLocation",
                        "relativeUrl": "/me"
                    }
                },
                "schema": {}
            },
            "dependsOn": [
                "[concat(variables('factoryId'), '/linkedServices/BrandwatchHttpServer')]"
            ]
        },
        {
            "name": "[concat(parameters('factoryName'), '/BrandwatchMeDataset')]",
            "type": "Microsoft.DataFactory/factories/datasets",
            "apiVersion": "2018-06-01",
            "properties": {
                "linkedServiceName": {
                    "referenceName": "AzureBlobStorage",
                    "type": "LinkedServiceReference"
                },
                "folder": {
                    "name": "BrandwatchGETandDatasets"
                },
                "annotations": [],
                "type": "Json",
                "typeProperties": {
                    "location": {
                        "type": "AzureBlobStorageLocation",
                        "fileName": "me",
                        "folderPath": "About",
                        "container": "brandwatch"
                    }
                },
                "schema": {}
            },
            "dependsOn": [
                "[concat(variables('factoryId'), '/linkedServices/AzureBlobStorage')]"
            ]
        },
        {
            "name": "[concat(parameters('factoryName'), '/BrandwatchProjectDetails')]",
            "type": "Microsoft.DataFactory/factories/datasets",
            "apiVersion": "2018-06-01",
            "properties": {
                "linkedServiceName": {
                    "referenceName": "BrandwatchHttpServer",
                    "type": "LinkedServiceReference"
                },
                "folder": {
                    "name": "BrandwatchGETandDatasets"
                },
                "annotations": [],
                "type": "Json",
                "typeProperties": {
                    "location": {
                        "type": "HttpServerLocation",
                        "relativeUrl": "/projects/1998163585"
                    }
                },
                "schema": {}
            },
            "dependsOn": [
                "[concat(variables('factoryId'), '/linkedServices/BrandwatchHttpServer')]"
            ]
        },
        {
            "name": "[concat(parameters('factoryName'), '/BrandwatchProjectDetailsDataset')]",
            "type": "Microsoft.DataFactory/factories/datasets",
            "apiVersion": "2018-06-01",
            "properties": {
                "linkedServiceName": {
                    "referenceName": "AzureBlobStorage",
                    "type": "LinkedServiceReference"
                },
                "folder": {
                    "name": "BrandwatchGETandDatasets"
                },
                "annotations": [],
                "type": "Json",
                "typeProperties": {
                    "location": {
                        "type": "AzureBlobStorageLocation",
                        "fileName": "projectdetails",
                        "folderPath": "About",
                        "container": "brandwatch"
                    }
                },
                "schema": {}
            },
            "dependsOn": [
                "[concat(variables('factoryId'), '/linkedServices/AzureBlobStorage')]"
            ]
        },
        {
            "name": "[concat(parameters('factoryName'), '/BrandwatchProjectsSummary')]",
            "type": "Microsoft.DataFactory/factories/datasets",
            "apiVersion": "2018-06-01",
            "properties": {
                "linkedServiceName": {
                    "referenceName": "BrandwatchHttpServer",
                    "type": "LinkedServiceReference"
                },
                "folder": {
                    "name": "BrandwatchGETandDatasets"
                },
                "annotations": [],
                "type": "Json",
                "typeProperties": {
                    "location": {
                        "type": "HttpServerLocation",
                        "relativeUrl": "/projects/summary"
                    }
                },
                "schema": {}
            },
            "dependsOn": [
                "[concat(variables('factoryId'), '/linkedServices/BrandwatchHttpServer')]"
            ]
        },
        {
            "name": "[concat(parameters('factoryName'), '/BrandwatchProjectsSummaryDataset')]",
            "type": "Microsoft.DataFactory/factories/datasets",
            "apiVersion": "2018-06-01",
            "properties": {
                "linkedServiceName": {
                    "referenceName": "AzureBlobStorage",
                    "type": "LinkedServiceReference"
                },
                "folder": {
                    "name": "BrandwatchGETandDatasets"
                },
                "annotations": [],
                "type": "Json",
                "typeProperties": {
                    "location": {
                        "type": "AzureBlobStorageLocation",
                        "fileName": "projectssummary",
                        "folderPath": "About",
                        "container": "brandwatch"
                    }
                },
                "schema": {}
            },
            "dependsOn": [
                "[concat(variables('factoryId'), '/linkedServices/AzureBlobStorage')]"
            ]
        },
        {
            "name": "[concat(parameters('factoryName'), '/BrandwatchUser')]",
            "type": "Microsoft.DataFactory/factories/datasets",
            "apiVersion": "2018-06-01",
            "properties": {
                "linkedServiceName": {
                    "referenceName": "BrandwatchHttpServer",
                    "type": "LinkedServiceReference"
                },
                "folder": {
                    "name": "BrandwatchGETandDatasets"
                },
                "annotations": [],
                "type": "Json",
                "typeProperties": {
                    "location": {
                        "type": "HttpServerLocation",
                        "relativeUrl": "/user"
                    }
                },
                "schema": {}
            },
            "dependsOn": [
                "[concat(variables('factoryId'), '/linkedServices/BrandwatchHttpServer')]"
            ]
        },
        {
            "name": "[concat(parameters('factoryName'), '/BrandwatchUserDataset')]",
            "type": "Microsoft.DataFactory/factories/datasets",
            "apiVersion": "2018-06-01",
            "properties": {
                "linkedServiceName": {
                    "referenceName": "AzureBlobStorage",
                    "type": "LinkedServiceReference"
                },
                "folder": {
                    "name": "BrandwatchGETandDatasets"
                },
                "annotations": [],
                "type": "Json",
                "typeProperties": {
                    "location": {
                        "type": "AzureBlobStorageLocation",
                        "fileName": "user",
                        "folderPath": "About",
                        "container": "brandwatch"
                    }
                },
                "schema": {}
            },
            "dependsOn": [
                "[concat(variables('factoryId'), '/linkedServices/AzureBlobStorage')]"
            ]
        },
        {
            "name": "[concat(parameters('factoryName'), '/AzureBlobStorage')]",
            "type": "Microsoft.DataFactory/factories/linkedServices",
            "apiVersion": "2018-06-01",
            "properties": {
                "annotations": [],
                "type": "AzureBlobStorage",
                "typeProperties": {
                    "connectionString": "[parameters('AzureBlobStorage_connectionString')]"
                }
            },
            "dependsOn": []
        },
        {
            "name": "[concat(parameters('factoryName'), '/AzureBlobStorageRedditAppTest')]",
            "type": "Microsoft.DataFactory/factories/linkedServices",
            "apiVersion": "2018-06-01",
            "properties": {
                "annotations": [],
                "type": "AzureBlobStorage",
                "typeProperties": {
                    "connectionString": "[parameters('AzureBlobStorageRedditAppTest_connectionString')]"
                }
            },
            "dependsOn": []
        },
        {
            "name": "[concat(parameters('factoryName'), '/AzureDataLakeStorage1')]",
            "type": "Microsoft.DataFactory/factories/linkedServices",
            "apiVersion": "2018-06-01",
            "properties": {
                "annotations": [],
                "type": "AzureBlobFS",
                "typeProperties": {
                    "url": "[parameters('AzureDataLakeStorage1_properties_typeProperties_url')]",
                    "accountKey": {
                        "type": "SecureString",
                        "value": "[parameters('AzureDataLakeStorage1_accountKey')]"
                    }
                }
            },
            "dependsOn": []
        },
        {
            "name": "[concat(parameters('factoryName'), '/AzureDataLakeStore1')]",
            "type": "Microsoft.DataFactory/factories/linkedServices",
            "apiVersion": "2018-06-01",
            "properties": {
                "annotations": [],
                "type": "AzureDataLakeStore",
                "typeProperties": {
                    "dataLakeStoreUri": "[parameters('AzureDataLakeStore1_properties_typeProperties_dataLakeStoreUri')]",
                    "tenant": "[parameters('AzureDataLakeStore1_properties_typeProperties_tenant')]",
                    "subscriptionId": "[parameters('AzureDataLakeStore1_properties_typeProperties_subscriptionId')]",
                    "resourceGroupName": "[parameters('AzureDataLakeStore1_properties_typeProperties_resourceGroupName')]"
                }
            },
            "dependsOn": []
        },
        {
            "name": "[concat(parameters('factoryName'), '/AzureKeyVaultRedditAppTest')]",
            "type": "Microsoft.DataFactory/factories/linkedServices",
            "apiVersion": "2018-06-01",
            "properties": {
                "annotations": [],
                "type": "AzureKeyVault",
                "typeProperties": {
                    "baseUrl": "[parameters('AzureKeyVaultRedditAppTest_properties_typeProperties_baseUrl')]"
                }
            },
            "dependsOn": []
        },
        {
            "name": "[concat(parameters('factoryName'), '/BrandwatchHttpServer')]",
            "type": "Microsoft.DataFactory/factories/linkedServices",
            "apiVersion": "2018-06-01",
            "properties": {
                "annotations": [],
                "type": "HttpServer",
                "typeProperties": {
                    "url": "[parameters('BrandwatchHttpServer_properties_typeProperties_url')]",
                    "enableServerCertificateValidation": true,
                    "authenticationType": "Anonymous",
                    "authHeaders": {
                        "Authorization": {
                            "type": "SecureString",
                            "value": "**********"
                        }
                    }
                }
            },
            "dependsOn": []
        },
        {
            "name": "[concat(parameters('factoryName'), '/HttpRedditServer')]",
            "type": "Microsoft.DataFactory/factories/linkedServices",
            "apiVersion": "2018-06-01",
            "properties": {
                "parameters": {
                    "limit": {
                        "type": "int",
                        "defaultValue": 10
                    }
                },
                "annotations": [],
                "type": "HttpServer",
                "typeProperties": {
                    "url": "[parameters('HttpRedditServer_properties_typeProperties_url')]",
                    "enableServerCertificateValidation": true,
                    "authenticationType": "Basic",
                    "userName": "[parameters('HttpRedditServer_properties_typeProperties_userName')]",
                    "password": {
                        "type": "AzureKeyVaultSecret",
                        "store": {
                            "referenceName": "AzureKeyVaultRedditAppTest",
                            "type": "LinkedServiceReference"
                        },
                        "secretName": "Reddit-Secret"
                    }
                }
            },
            "dependsOn": [
                "[concat(variables('factoryId'), '/linkedServices/AzureKeyVaultRedditAppTest')]"
            ]
        },
        {
            "name": "[concat(parameters('factoryName'), '/credential1')]",
            "type": "Microsoft.DataFactory/factories/credentials",
            "apiVersion": "2018-06-01",
            "properties": {
                "type": "ManagedIdentity",
                "typeProperties": {
                    "resourceId": "/subscriptions/588695d7-29a1-45a3-90a5-dc87a232ae76/resourceGroups/DataFactoryTest/providers/Microsoft.ManagedIdentity/userAssignedIdentities/DataFactoryManagedIdentity"
                }
            },
            "dependsOn": []
        }
    ]
}